sleep_duration_hours,sleep_quality,sleep_interruptions,activity_sedentary_hours,activity_active_minutes,activity_steps,nutrition_calories,nutrition_water_oz,nutrition_macro_fat_g,nutrition_macro_carbs_g,nutrition_macro_protein_g,vitals_heart_rate_1,vitals_heart_rate_2,vitals_heart_rate_3,vitals_heart_rate_4,vitals_heart_rate_5,vitals_heart_rate_6,vitals_bp_1,vitals_bp_2,vitals_bp_3,vitals_bp_4,vitals_bp_5,vitals_temp_1,vitals_temp_2,vitals_temp_3,vitals_temp_4,vitals_temp_5,avg_heart_rate,avg_temperature,bp_sys_1,bp_dia_1,bp_sys_2,bp_dia_2,bp_sys_3,bp_dia_3,bp_sys_4,bp_dia_4,bp_sys_5,bp_dia_5,avg_systolic_bp,avg_diastolic_bp,avg_bp
6.8,fair,2,9.7,38,5200,2100,48,58,270,90,71,73,70,72,74,72,119/80,121/82,118/79,120/81,122/83,98.6,98.4,98.5,98.7,98.6,72.0,98.55999999999999,119,80,121,82,118,79,120,81,122,83,120.0,81.0,120.0/81.0
6.8,fair,2,9.7,38,5200,2100,48,58,270,90,71,73,70,72,74,72,119/80,121/82,118/79,120/81,122/83,98.6,98.4,98.5,98.7,98.6,72.0,98.55999999999999,119,80,121,82,118,79,120,81,122,83,120.0,81.0,120.0/81.0
6.5,poor,3,10.5,35,4500,2200,45,60,290,85,72,75,68,71,74,73,120/80,122/82,118/79,121/81,125/83,98.6,98.4,98.7,98.5,98.8,72.16666666666667,98.6,120,80,122,82,118,79,121,81,125,83,121.2,81.0,121.2/81.0
6.0,poor,3,10.8,35,4800,2400,45,70,330,85,75,77,73,76,78,74,125/82,127/84,124/81,126/83,128/85,98.9,98.7,99.0,98.8,99.1,75.5,98.9,125,82,127,84,124,81,126,83,128,85,126.0,83.0,126.0/83.0
8.1,good,1,8.2,55,8200,1850,60,50,220,100,65,67,64,66,68,67,115/76,117/78,114/75,116/77,118/79,98.4,98.2,98.3,98.5,98.4,66.16666666666667,98.36000000000001,115,76,117,78,114,75,116,77,118,79,116.0,77.0,116.0/77.0
7.0,fair,2,9.5,45,6000,2200,50,65,300,90,72,74,70,73,75,71,122/80,124/82,121/79,123/81,125/83,98.6,98.4,98.7,98.5,98.8,72.5,98.6,122,80,124,82,121,79,123,81,125,83,123.0,81.0,123.0/81.0
5.5,poor,4,12.5,20,3200,2500,35,80,350,70,80,82,78,81,83,79,130/85,132/87,128/84,131/86,133/88,99.1,98.9,99.2,98.8,99.0,80.5,99.0,130,85,132,87,128,84,131,86,133,88,130.8,86.0,130.8/86.0
7.8,good,1,8.5,50,7800,1900,58,52,230,98,67,69,66,68,70,68,116/77,118/79,115/76,117/78,119/80,98.5,98.3,98.4,98.6,98.5,68.0,98.46000000000001,116,77,118,79,115,76,117,78,119,80,117.0,78.0,117.0/78.0
8.7,good,1,6.2,80,11200,1800,75,45,210,115,62,64,61,63,65,60,108/68,110/70,107/67,109/69,111/71,98.1,97.9,98.2,98.0,98.3,62.5,98.1,108,68,110,70,107,67,109,69,111,71,109.0,69.0,109.0/69.0
7.8,good,1,8.5,50,7800,1900,58,52,230,98,67,69,66,68,70,68,116/77,118/79,115/76,117/78,119/80,98.5,98.3,98.4,98.6,98.5,68.0,98.46000000000001,116,77,118,79,115,76,117,78,119,80,117.0,78.0,117.0/78.0
7.5,good,1,7.8,62,9500,1950,65,53,235,105,70,72,69,71,73,71,118/79,120/81,117/78,119/80,121/82,98.6,98.4,98.5,98.7,98.6,71.0,98.55999999999999,118,79,120,81,117,78,119,80,121,82,119.0,80.0,119.0/80.0
6.2,fair,3,11.3,30,4500,2300,40,75,320,75,76,79,77,78,80,75,127/83,129/85,126/82,128/84,130/86,98.7,98.5,98.8,98.6,98.9,77.5,98.7,127,83,129,85,126,82,128,84,130,86,128.0,84.0,128.0/84.0
9.0,excellent,0,6.5,75,10000,1700,70,40,200,110,65,67,64,66,68,63,110/70,112/72,109/69,111/71,113/73,98.2,98.0,98.3,98.1,98.4,65.5,98.2,110,70,112,72,109,69,111,71,113,73,111.0,71.0,111.0/71.0
8.1,good,1,8.2,55,8200,1850,60,50,220,100,65,67,64,66,68,67,115/76,117/78,114/75,116/77,118/79,98.4,98.2,98.3,98.5,98.4,66.16666666666667,98.36000000000001,115,76,117,78,114,75,116,77,118,79,116.0,77.0,116.0/77.0
6.5,poor,3,10.5,35,4500,2200,45,60,290,85,72,75,68,71,74,73,120/80,122/82,118/79,121/81,125/83,98.6,98.4,98.7,98.5,98.8,72.16666666666667,98.6,120,80,122,82,118,79,121,81,125,83,121.2,81.0,121.2/81.0
7.2,fair,2,9.8,42,6700,1950,52,55,240,95,68,70,67,72,69,71,118/78,120/80,117/77,119/79,121/80,98.5,98.3,98.4,98.6,98.5,69.5,98.46000000000001,118,78,120,80,117,77,119,79,121,80,119.0,78.8,119.0/78.8
8.5,excellent,0,11.2,25,3000,2300,42,65,310,80,69,71,68,70,72,70,117/78,119/80,116/77,118/79,120/81,98.5,98.3,98.4,98.6,98.5,70.0,98.46000000000001,117,78,119,80,116,77,118,79,120,81,118.0,79.0,118.0/79.0
7.2,fair,2,9.8,42,6700,1950,52,55,240,95,68,70,67,72,69,71,118/78,120/80,117/77,119/79,121/80,98.5,98.3,98.4,98.6,98.5,69.5,98.46000000000001,118,78,120,80,117,77,119,79,121,80,119.0,78.8,119.0/78.8
8.5,excellent,0,11.2,25,3000,2300,42,65,310,80,69,71,68,70,72,70,117/78,119/80,116/77,118/79,120/81,98.5,98.3,98.4,98.6,98.5,70.0,98.46000000000001,117,78,119,80,116,77,118,79,120,81,118.0,79.0,118.0/79.0
7.5,good,1,7.8,62,9500,1950,65,53,235,105,70,72,69,71,73,71,118/79,120/81,117/78,119/80,121/82,98.6,98.4,98.5,98.7,98.6,71.0,98.55999999999999,118,79,120,81,117,78,119,80,121,82,119.0,80.0,119.0/80.0
